TANGGAL,RR,RH_AVG,TAVG,SS,FF_AVG
2022-01-01,0.0,78.0,27.0,4.32,3.0
2022-01-02,0.0,85.0,26.3,6.32,3.0
2022-01-03,0.0,72.0,27.3,7.84,4.0
2022-01-04,0.0,79.0,26.9,7.52,3.0
2022-01-05,0.0,90.0,25.6,6.32,3.0
2022-01-06,0.0,90.0,25.6,3.92,3.0
2022-01-07,6.5,84.0,25.9,6.0,3.0
2022-01-08,13.9,86.0,25.6,5.04,3.0
2022-01-09,0.0,84.0,26.3,4.8,3.0
2022-01-10,0.0,86.0,26.0,4.8,3.0
2022-01-11,1.0,86.0,25.9,4.24,3.0
2022-01-12,0.8,90.0,24.9,1.84,3.0
2022-01-13,19.0,87.0,25.8,2.4,4.0
2022-01-14,5.4,89.0,25.6,1.52,3.0
2022-01-15,4.1,91.0,25.4,0.64,3.0
2022-01-16,3.8,88.0,25.6,1.84,3.0
2022-01-17,0.0,86.0,26.3,4.08,3.0
2022-01-18,4.2,92.0,25.1,0.0,4.0
2022-01-19,21.1,89.0,25.1,3.68,3.0
2022-01-20,11.0,88.0,24.9,0.0,4.0
2022-01-21,1.1,80.0,25.9,4.08,3.0
2022-01-22,0.5,84.0,26.3,4.4,3.0
2022-01-23,0.2,83.0,26.3,4.24,3.0
2022-01-24,0.0,86.0,26.1,4.8,3.0
2022-01-25,4.5,83.0,26.4,4.72,3.0
2022-01-26,3.8,87.0,25.9,1.28,4.0
2022-01-27,5.2,85.0,26.4,3.6,3.0
2022-01-28,0.0,85.0,25.6,1.2,3.0
2022-01-29,0.5,81.0,26.3,6.72,2.0
2022-01-30,0.0,81.0,26.4,5.52,3.0
2022-01-31,0.5,79.0,26.4,6.24,3.0
2022-02-01,1.0,83.0,26.3,7.28,4.0
2022-02-02,0.6666666666666667,86.0,26.4,1.52,3.0
2022-02-03,0.33333333333333337,82.0,26.3,5.84,3.0
2022-02-04,0.0,86.0,26.3,3.04,4.0
2022-02-05,15.8,87.0,25.5,0.0,3.0
2022-02-06,7.2,86.0,25.9,0.72,4.0
2022-02-07,13.6,90.0,25.3,0.88,3.0
2022-02-08,0.0,96.0,24.7,0.0,2.0
2022-02-09,4.8,85.0,25.3,2.72,2.0
2022-02-10,0.6,79.0,25.8,0.32,4.0
2022-02-11,0.0,79.0,25.9,6.32,5.0
2022-02-12,0.0,83.0,26.6,0.0,4.0
2022-02-13,0.2,87.0,25.7,0.32,2.0
2022-02-14,0.2,84.0,25.8,0.32,2.0
2022-02-15,1.0,80.0,26.8,2.72,3.0
2022-02-16,0.0,83.0,25.6,4.32,5.0
2022-02-17,13.6,88.0,25.8,6.0,4.0
2022-02-18,3.7,90.0,24.9,0.24,4.0
2022-02-19,31.0,87.0,25.9,3.84,3.0
2022-02-20,22.0,88.0,25.6,1.84,3.0
2022-02-21,13.0,87.0,25.3,5.68,3.0
2022-02-22,17.4,86.0,25.1,5.44,3.0
2022-02-23,0.0,79.0,26.7,5.12,5.0
2022-02-24,3.5,78.0,26.6,4.32,4.0
2022-02-25,0.4,77.0,25.8,1.2,4.0
2022-02-26,4.1,92.0,24.3,2.64,4.0
2022-02-27,17.9,84.0,25.4,2.4,2.0
2022-02-28,1.2,84.0,25.8,2.24,3.0
2022-03-01,4.8,90.0,25.3,0.32,2.0
2022-03-02,2.0,86.0,26.3,5.68,4.0
2022-03-03,1.4,82.0,26.7,4.88,4.0
2022-03-04,0.8,83.0,26.9,1.12,3.0
2022-03-05,0.0,86.0,24.7,2.24,3.0
2022-03-06,4.0,87.0,25.7,2.08,4.0
2022-03-07,2.7,82.0,26.4,0.48,3.0
2022-03-08,0.0,82.0,26.9,3.2,4.0
2022-03-09,14.2,93.0,24.7,3.04,2.0
2022-03-10,23.4,88.0,25.4,4.24,3.0
2022-03-11,1.8,88.0,25.9,5.52,3.0
2022-03-12,0.9,86.0,25.8,3.92,4.0
2022-03-13,0.0,85.0,26.6,3.04,4.0
2022-03-14,6.0,83.0,26.7,5.2,3.0
2022-03-15,5.2,91.0,25.4,0.0,3.0
2022-03-16,0.0,86.0,26.3,6.32,3.0
2022-03-17,0.0,88.0,26.2,4.4,3.0
2022-03-18,24.0,91.0,25.3,2.24,2.0
2022-03-19,0.0,85.0,26.6,3.68,4.0
2022-03-20,0.0,82.0,26.5,6.08,3.0
2022-03-21,5.5,89.0,25.0,1.68,4.0
2022-03-22,11.0,81.0,26.7,7.28,3.0
2022-03-23,0.0,87.0,25.3,2.32,4.0
2022-03-24,6.4,80.0,26.7,6.4,4.0
2022-03-25,0.0,79.0,27.6,4.48,3.0
2022-03-26,0.0,93.0,24.6,0.0,3.0
2022-03-27,2.8,83.0,26.1,2.4,3.0
2022-03-28,1.8,82.0,26.6,5.68,4.0
2022-03-29,0.0,76.0,26.9,3.28,4.0
2022-03-30,0.0,79.0,27.1,6.64,3.0
2022-03-31,0.0,77.0,26.7,5.84,3.0
2022-04-01,1.0,82.0,26.4,0.4,4.0
2022-04-02,0.0,78.0,27.4,7.04,3.0
2022-04-03,0.0,91.0,24.7,4.0,4.0
2022-04-04,4.4,81.0,26.8,7.52,3.0
2022-04-05,0.0,84.0,26.1,5.12,4.0
2022-04-06,8.5,83.0,25.8,7.12,3.0
2022-04-07,12.0,82.0,26.6,8.0,4.0
2022-04-08,0.0,80.0,26.6,4.24,4.0
2022-04-09,6.0,84.0,26.1,4.72,4.0
2022-04-10,0.7,84.0,26.3,4.88,3.0
2022-04-11,4.0,86.0,26.7,4.0,3.0
2022-04-12,4.8,86.0,26.3,3.2,3.0
2022-04-13,0.3,85.0,26.0,5.84,3.0
2022-04-14,86.3,85.0,26.6,6.72,5.0
2022-04-15,39.2,87.0,25.9,7.44,3.0
2022-04-16,22.5,84.0,26.6,6.24,4.0
2022-04-17,0.3,83.0,27.2,7.44,3.0
2022-04-18,0.0,87.0,27.4,4.4,3.0
2022-04-19,51.3,87.0,25.7,5.6,5.0
2022-04-20,0.5,84.0,26.5,5.28,3.0
2022-04-21,0.0,88.0,25.7,0.0,3.0
2022-04-22,2.0,94.0,24.1,0.72,2.0
2022-04-23,9.0,86.0,26.5,5.68,2.0
2022-04-24,0.7,82.0,27.6,7.28,3.0
2022-04-25,0.0,85.0,26.7,6.88,3.0
2022-04-26,26.5,83.0,27.1,7.2,4.0
2022-04-27,0.0,88.0,25.7,3.84,3.0
2022-04-28,36.6,85.0,26.5,2.24,3.0
2022-04-29,18.3,85.0,27.1,2.24,3.0
2022-04-30,0.0,88.0,26.2,1.04,3.0
2022-05-01,4.1,89.0,26.2,2.88,3.0
2022-05-02,8.2,91.0,25.5,4.32,3.0
2022-05-03,19.3,83.0,26.4,5.68,3.0
2022-05-04,0.0,88.0,25.8,5.04,4.0
2022-05-05,25.2,83.0,26.9,7.28,4.0
2022-05-06,1.0,81.0,28.0,7.04,4.0
2022-05-07,0.0,85.0,27.1,5.52,3.0
2022-05-08,0.0,79.0,28.2,8.0,3.0
2022-05-09,0.0,86.0,26.9,4.72,3.0
2022-05-10,8.1,80.0,28.1,7.84,4.0
2022-05-11,3.0,86.0,27.7,4.24,3.0
2022-05-12,2.0,78.0,27.6,2.72,4.0
2022-05-13,1.0,79.0,28.2,8.0,5.0
2022-05-14,0.0,84.0,27.6,4.32,3.0
2022-05-15,5.9,85.0,26.8,5.44,3.0
2022-05-16,7.95,85.0,26.8,5.84,4.0
2022-05-17,10.0,86.0,26.8,5.68,3.0
2022-05-18,34.5,92.0,25.5,4.48,3.0
2022-05-19,12.6,87.0,26.2,4.72,3.0
2022-05-20,0.5,88.0,25.6,5.04,3.0
2022-05-21,31.9,86.0,25.6,2.64,4.0
2022-05-22,2.7,87.0,25.8,2.4,3.0
2022-05-23,0.0,82.0,27.1,7.44,4.0
2022-05-24,0.0,79.0,26.7,4.24,5.0
2022-05-25,0.0,85.0,26.2,0.0,5.0
2022-05-26,0.0,87.0,25.8,0.32,3.0
2022-05-27,0.0,78.0,26.8,8.0,2.0
2022-05-28,48.5,92.0,24.3,0.0,4.0
2022-05-29,1.0,85.0,25.7,2.48,2.0
2022-05-30,2.75,90.0,24.9,0.64,3.0
2022-05-31,4.5,88.0,25.2,2.4,3.0
2022-06-01,0.8,83.0,25.9,6.64,4.0
2022-06-02,13.1,88.0,26.1,4.72,3.0
2022-06-03,25.4,87.0,25.9,5.68,3.0
2022-06-04,3.8,83.0,26.3,6.4,3.0
2022-06-05,41.3,87.0,25.4,5.92,4.0
2022-06-06,26.0,90.0,24.4,2.8,3.0
2022-06-07,71.4,85.0,25.4,6.08,3.0
2022-06-08,35.7,88.0,26.1,5.12,4.0
2022-06-09,0.0,93.0,24.1,3.52,3.0
2022-06-10,130.4,84.0,26.1,7.6,3.0
2022-06-11,24.3,89.0,25.4,4.0,3.0
2022-06-12,7.5,87.0,25.6,6.24,3.0
2022-06-13,5.2,88.0,25.7,4.4,3.0
2022-06-14,7.5,87.0,25.8,3.84,3.0
2022-06-15,4.5,90.0,25.2,0.08,3.0
2022-06-16,1.5,88.0,25.0,1.12,3.0
2022-06-17,0.0,91.0,24.4,2.0,3.0
2022-06-18,31.5,84.0,24.7,4.72,4.0
2022-06-19,0.4,81.0,25.9,8.0,3.0
2022-06-20,0.0,85.0,25.3,6.48,3.0
2022-06-21,0.6,81.0,26.0,7.6,4.0
2022-06-22,1.7,90.0,25.5,1.92,4.0
2022-06-23,3.0,80.0,26.6,6.8,3.0
2022-06-24,0.0,86.0,25.1,4.32,4.0
2022-06-25,15.5,89.0,24.6,4.32,3.0
2022-06-26,33.8,90.0,25.0,0.4,2.0
2022-06-27,0.6,86.0,26.1,5.04,2.0
2022-06-28,2.9,86.0,26.1,7.44,3.0
2022-06-29,28.6,79.0,25.6,7.92,3.0
2022-06-30,0.0,70.0,25.4,7.84,4.0
2022-07-01,11.0,76.0,25.9,8.0,2.0
2022-07-02,0.0,80.0,25.9,5.84,2.0
2022-07-03,19.4,85.0,27.1,5.68,5.0
2022-07-04,0.9,85.0,27.4,8.0,3.0
2022-07-05,0.0,85.0,26.4,7.28,3.0
2022-07-06,0.0,84.0,25.6,0.4,3.0
2022-07-07,13.0,86.0,26.4,7.92,3.0
2022-07-08,0.8,79.0,27.2,7.6,2.0
2022-07-09,0.0,83.0,25.9,5.68,4.0
2022-07-10,0.0,80.0,25.6,7.44,3.0
2022-07-11,0.0,79.0,26.3,5.12,3.0
2022-07-12,0.0,84.0,26.8,1.92,5.0
2022-07-13,44.4,86.0,25.5,1.28,5.0
2022-07-14,44.2,84.0,26.6,7.28,4.0
2022-07-15,99.69999999999999,85.0,25.8,5.68,3.0
2022-07-16,155.2,87.0,23.2,0.0,3.0
2022-07-17,7.0,86.0,26.0,0.88,4.0
2022-07-18,0.0,76.0,26.3,6.24,3.0
2022-07-19,3.25,76.0,26.6,7.28,3.0
2022-07-20,6.5,78.0,27.3,6.24,4.0
2022-07-21,0.0,84.0,26.8,7.84,4.0
2022-07-22,0.0,90.0,26.7,4.08,4.0
2022-07-23,0.0,78.0,26.8,6.4,4.0
2022-07-24,46.6,82.0,25.8,6.88,3.0
2022-07-25,7.9,81.0,25.7,2.88,3.0
2022-07-26,2.0,85.0,26.1,7.2,3.0
2022-07-27,0.0,85.0,25.8,6.48,5.0
2022-07-28,0.0,87.0,26.5,6.88,4.0
2022-07-29,0.0,88.0,27.2,8.0,3.0
2022-07-30,0.0,86.0,26.3,4.4,4.0
2022-07-31,0.0,81.0,26.2,6.08,3.0
2022-08-01,0.0,76.0,26.3,7.52,4.0
2022-08-02,0.0,80.0,26.9,7.2,4.0
2022-08-03,8.5,85.0,26.3,4.4,3.0
2022-08-04,23.5,85.0,25.9,3.84,4.0
2022-08-05,4.5,85.0,25.9,7.12,2.0
2022-08-06,0.0,84.0,25.3,6.32,3.0
2022-08-07,3.6,86.0,24.8,6.24,3.0
2022-08-08,24.0,79.0,26.3,7.44,3.0
2022-08-09,3.5,83.0,25.3,7.52,3.0
2022-08-10,8.0,80.0,26.4,5.92,4.0
2022-08-11,1.6,79.0,27.1,8.0,4.0
2022-08-12,0.4,84.0,26.4,5.6,3.0
2022-08-13,4.0,86.0,25.3,6.48,4.0
2022-08-14,29.0,84.0,25.4,6.8,4.0
2022-08-15,8.0,85.0,25.9,6.72,5.0
2022-08-16,23.0,87.0,25.5,5.6,3.0
2022-08-17,47.5,86.0,26.2,5.6,3.0
2022-08-18,0.0,76.0,26.8,6.4,3.0
2022-08-19,0.0,76.0,26.8,7.68,4.0
2022-08-20,0.0,78.0,27.3,7.92,5.0
2022-08-21,0.0,84.0,25.5,6.0,5.0
2022-08-22,58.5,90.0,24.9,2.72,4.0
2022-08-23,14.2,78.0,27.3,8.0,3.0
2022-08-24,14.5,82.0,26.8,7.44,4.0
2022-08-25,23.6,81.0,26.4,6.88,4.0
2022-08-26,0.0,85.0,25.3,5.92,3.0
2022-08-27,0.5,85.0,26.2,4.08,4.0
2022-08-28,22.0,87.0,25.4,4.24,4.0
2022-08-29,26.6,88.0,25.7,4.4,4.0
2022-08-30,27.3,86.0,26.3,6.48,4.0
2022-08-31,8.6,81.0,26.4,4.0,3.0
2022-09-01,0.0,86.0,26.4,3.2,3.0
2022-09-02,0.0,83.0,26.3,6.48,3.0
2022-09-03,0.3,85.0,26.1,6.32,4.0
2022-09-04,0.0,87.0,24.9,7.28,4.0
2022-09-05,11.9,80.0,27.0,5.44,3.0
2022-09-06,0.8,85.0,26.5,7.84,3.0
2022-09-07,25.7,89.0,25.3,5.28,5.0
2022-09-08,2.6,93.0,24.6,0.0,3.0
2022-09-09,37.7,90.0,24.4,2.0,2.0
2022-09-10,12.2,94.0,23.8,2.64,3.0
2022-09-11,19.9,86.0,25.4,7.12,3.0
2022-09-12,43.5,83.0,26.4,7.28,4.0
2022-09-13,1.5,86.0,25.3,4.8,4.0
2022-09-14,15.0,78.0,26.6,6.88,4.0
2022-09-15,0.0,78.0,26.4,6.0,4.0
2022-09-16,35.8,86.0,25.1,6.08,3.0
2022-09-17,58.2,83.0,25.9,7.2,3.0
2022-09-18,1.4,82.0,26.6,5.6,4.0
2022-09-19,22.5,82.0,25.9,8.0,3.0
2022-09-20,4.6,81.0,25.5,5.52,5.0
2022-09-21,3.9499999999999997,83.0,26.9,6.24,3.0
2022-09-22,3.3,88.0,25.5,4.0,3.0
2022-09-23,2.7,86.0,26.1,4.08,3.0
2022-09-24,22.3,84.0,25.8,7.84,3.0
2022-09-25,0.4,85.0,26.2,6.4,4.0
2022-09-26,0.5,79.0,26.9,5.92,3.0
2022-09-27,0.0,77.0,27.2,7.6,4.0
2022-09-28,17.0,83.0,25.9,6.0,5.0
2022-09-29,14.0,80.0,26.8,4.08,3.0
2022-09-30,0.4,79.0,26.9,3.92,3.0
2022-10-01,0.0,92.0,25.1,0.0,6.0
2022-10-02,46.0,86.0,26.4,3.44,3.0
2022-10-03,62.85,87.0,25.9,6.72,3.0
2022-10-04,79.7,90.0,25.1,3.84,4.0
2022-10-05,5.0,89.0,25.9,2.0,3.0
2022-10-06,15.4,88.0,25.7,5.04,3.0
2022-10-07,13.2,94.0,24.2,3.2,3.0
2022-10-08,37.4,87.0,25.3,1.68,3.0
2022-10-09,1.0,87.0,25.3,4.08,3.0
2022-10-10,41.5,82.0,26.3,1.6,4.0
2022-10-11,0.0,87.0,25.7,0.48,3.0
2022-10-12,57.2,87.0,25.1,4.88,4.0
2022-10-13,26.5,91.0,25.1,2.32,4.0
2022-10-14,4.4,86.0,26.4,7.68,3.0
2022-10-15,5.3,84.0,26.5,3.52,5.0
2022-10-16,0.5,84.0,26.9,4.88,3.0
2022-10-17,9.5,84.0,26.8,3.44,3.0
2022-10-18,11.0,90.0,25.8,1.6,2.0
2022-10-19,43.0,92.0,25.1,0.64,3.0
2022-10-20,34.3,93.0,25.1,2.64,2.0
2022-10-21,25.9,89.0,25.7,0.4,2.0
2022-10-22,0.2,84.0,26.9,5.6,3.0
2022-10-23,13.8,90.0,26.4,5.92,4.0
2022-10-24,2.3,86.0,25.9,4.4,3.0
2022-10-25,0.7,84.0,25.9,3.04,3.0
2022-10-26,21.8,90.0,25.6,0.24,3.0
2022-10-27,10.9,79.0,27.1,2.24,4.0
2022-10-28,0.0,74.0,26.8,6.24,3.0
2022-10-29,0.0,75.0,27.3,5.52,3.0
2022-10-30,0.0,72.0,27.4,6.32,3.0
2022-10-31,0.0,78.0,26.9,6.4,4.0
2022-11-01,1.8,83.0,26.9,4.64,4.0
2022-11-02,24.55,78.0,27.3,6.64,3.0
2022-11-03,47.3,90.0,25.9,3.84,4.0
2022-11-04,2.0,89.0,26.3,4.64,4.0
2022-11-05,18.7,88.0,25.8,4.0,4.0
2022-11-06,7.0,88.0,25.8,1.44,2.0
2022-11-07,16.6,94.0,24.8,1.6,3.0
2022-11-08,1.0,90.0,25.2,1.28,2.0
2022-11-09,13.8,87.0,25.6,1.6,3.0
2022-11-10,9.3,91.0,24.8,1.12,2.0
2022-11-11,32.2,92.0,25.3,2.64,3.0
2022-11-12,4.8,89.0,25.4,2.0,3.0
2022-11-13,52.6,96.0,23.8,3.2,3.0
2022-11-14,25.3,90.0,26.0,6.0,3.0
2022-11-15,12.3,86.0,25.9,2.24,3.0
2022-11-16,0.0,89.0,25.8,2.64,3.0
2022-11-17,12.8,91.0,24.9,0.0,2.0
2022-11-18,5.6,80.0,26.6,5.52,3.0
2022-11-19,2.4,81.0,26.7,5.12,4.0
2022-11-20,1.2,78.0,26.8,3.92,5.0
2022-11-21,0.0,78.0,27.0,3.52,4.0
2022-11-22,0.0,80.0,26.4,5.04,4.0
2022-11-23,0.0,85.0,26.7,2.64,5.0
2022-11-24,10.4,84.0,26.1,2.48,3.0
2022-11-25,12.5,84.0,25.9,1.04,3.0
2022-11-26,0.0,84.0,26.4,0.32,2.0
2022-11-27,0.0,85.0,26.2,2.0,3.0
2022-11-28,1.0,90.0,25.6,5.6,3.0
2022-11-29,32.2,79.0,26.6,6.48,4.0
2022-11-30,0.0,84.0,26.5,4.0,4.0
2022-12-01,0.3,85.0,26.3,5.52,3.0
2022-12-02,0.6,86.0,25.8,1.84,3.0
2022-12-03,0.0,81.0,26.6,5.6,3.0
2022-12-04,1.3,87.0,25.9,4.64,3.0
2022-12-05,35.5,88.0,25.7,5.84,3.0
2022-12-06,0.2,93.0,24.8,2.88,3.0
2022-12-07,33.9,88.0,25.6,3.6,4.0
2022-12-08,15.8,89.0,26.0,2.4,4.0
2022-12-09,12.55,92.0,24.5,1.28,3.0
2022-12-10,9.3,81.0,26.5,3.28,3.0
2022-12-11,0.0,81.0,26.8,3.68,3.0
2022-12-12,0.0,79.0,26.8,4.64,3.0
2022-12-13,0.4,88.0,25.0,4.0,3.0
2022-12-14,0.1,73.0,28.1,1.6,3.0
2022-12-15,2.5,83.0,26.7,5.52,4.0
2022-12-16,0.0,84.0,26.8,4.0,5.0
2022-12-17,0.0,86.0,26.0,0.0,3.0
2022-12-18,1.1,86.0,26.0,5.04,3.0
2022-12-19,1.0,78.0,26.1,2.88,3.0
2022-12-20,0.0,83.0,27.0,4.24,2.0
2022-12-21,0.8,87.0,26.1,5.04,4.0
2022-12-22,9.3,77.0,26.7,0.08,3.0
2022-12-23,8.9,86.0,25.7,0.4,4.0
2022-12-24,14.55,82.0,26.5,0.64,3.0
2022-12-25,20.2,92.0,24.6,0.0,4.0
2022-12-26,9.2,91.0,24.9,0.0,3.0
2022-12-27,22.9,85.0,24.6,0.0,3.0
2022-12-28,3.0,92.0,23.4,0.0,4.0
2022-12-29,26.2,91.0,24.0,0.0,3.0
2022-12-30,18.7,93.0,24.4,0.0,4.0
2022-12-31,1.5,92.0,24.3,0.0,2.0
2023-01-01,30.5,89.0,24.3,0.0,4.0
2023-01-02,25.0,92.0,24.4,2.08,4.0
2023-01-03,21.8,89.0,24.3,0.0,4.0
2023-01-04,10.6,85.0,25.4,2.72,4.0
2023-01-05,1.9,83.0,26.0,2.48,4.0
2023-01-06,0.0,75.0,26.6,4.8,4.0
2023-01-07,0.0,73.0,27.5,1.6,4.0
2023-01-08,0.0,88.0,25.6,4.64,4.0
2023-01-09,17.0,80.0,26.4,6.0,4.0
2023-01-10,0.0,84.0,26.4,6.24,4.0
2023-01-11,0.5,77.0,27.3,5.6,4.0
2023-01-12,0.0,81.0,26.9,7.68,3.0
2023-01-13,0.6,85.0,25.9,4.0,3.0
2023-01-14,41.3,80.0,26.8,6.72,3.0
2023-01-15,0.5,88.0,25.9,6.08,4.0
2023-01-16,13.0,85.0,26.0,5.28,3.0
2023-01-17,0.0,93.0,24.4,2.08,3.0
2023-01-18,3.8,92.0,24.7,2.48,2.0
2023-01-19,0.0,87.0,25.2,1.04,2.0
2023-01-20,0.0,85.0,25.4,2.72,3.0
2023-01-21,0.0,86.0,25.0,3.68,3.0
2023-01-22,1.1,84.0,25.9,3.6,3.0
2023-01-23,0.4,84.0,26.1,1.2,3.0
2023-01-24,1.0,85.0,25.5,2.72,3.0
2023-01-25,0.8,93.0,23.9,0.0,3.0
2023-01-26,11.0,85.0,24.9,3.52,4.0
2023-01-27,0.2,86.0,26.1,0.32,3.0
2023-01-28,1.4,92.0,24.6,0.0,3.0
2023-01-29,27.7,89.0,25.6,0.0,2.0
2023-01-30,1.0,87.0,25.9,2.72,4.0
2023-01-31,0.0,85.0,26.1,0.8,3.0
2023-02-01,5.6,88.0,25.3,1.6,2.0
2023-02-02,0.9,88.0,25.9,0.48,3.0
2023-02-03,6.2,82.0,25.6,0.24,3.0
2023-02-04,3.1,74.0,27.1,0.32,4.0
2023-02-05,0.0,76.0,26.0,6.4,5.0
2023-02-06,0.0,79.0,26.6,1.84,6.0
2023-02-07,0.6,77.0,27.0,3.52,4.0
2023-02-08,0.0,79.0,26.1,0.8,4.0
2023-02-09,5.0,73.0,26.2,1.84,4.0
2023-02-10,4.0,81.0,26.0,2.4,5.0
2023-02-11,0.5,89.0,25.9,0.4,4.0
2023-02-12,51.6,94.0,23.3,0.0,4.0
2023-02-13,10.4,88.0,23.9,2.8,3.0
2023-02-14,4.1,84.0,25.1,0.48,4.0
2023-02-15,5.0,85.0,24.9,0.0,5.0
2023-02-16,4.0,88.0,24.9,0.32,5.0
2023-02-17,4.3,93.0,24.7,2.08,3.0
2023-02-18,33.0,90.0,25.0,6.24,3.0
2023-02-19,13.7,88.0,25.4,3.44,3.0
2023-02-20,0.0,81.0,25.9,6.0,3.0
2023-02-21,1.3,86.0,25.8,4.48,3.0
2023-02-22,0.5,94.0,24.5,0.0,3.0
2023-02-23,13.2,92.0,25.0,1.04,2.0
2023-02-24,16.2,92.0,25.4,0.0,3.0
2023-02-25,12.8,92.0,25.3,0.64,2.0
2023-02-26,9.1,93.0,24.6,0.0,3.0
2023-02-27,40.7,90.0,25.2,0.88,3.0
2023-02-28,11.1,89.0,25.1,3.44,2.0
2023-03-01,7.0,90.0,24.9,0.8,4.0
2023-03-02,15.8,95.0,23.9,0.0,4.0
2023-03-03,20.5,81.0,26.0,6.08,2.0
2023-03-04,1.4,88.0,24.3,1.6,4.0
2023-03-05,13.8,87.0,25.2,5.04,4.0
2023-03-06,0.3,82.0,26.1,6.88,4.0
2023-03-07,0.0,85.0,25.4,6.72,3.0
2023-03-08,8.125,88.0,24.7,3.44,3.0
2023-03-09,16.25,82.0,26.7,4.48,3.0
2023-03-10,24.375,88.0,25.0,6.0,3.0
2023-03-11,32.5,89.0,25.2,3.84,3.0
2023-03-12,14.2,87.0,26.0,5.04,2.0
2023-03-13,0.0,87.0,25.1,7.2,3.0
2023-03-14,35.7,89.0,25.7,2.08,4.0
2023-03-15,1.2,90.0,25.0,0.4,4.0
2023-03-16,0.6,84.0,25.6,7.04,3.0
2023-03-17,0.0,83.0,26.0,5.52,3.0
2023-03-18,6.0,80.0,26.6,7.2,3.0
2023-03-19,24.0,88.0,26.1,6.0,5.0
2023-03-20,2.5,88.0,25.9,4.72,3.0
2023-03-21,28.7,82.0,26.1,6.4,4.0
2023-03-22,2.7,82.0,27.4,5.68,5.0
2023-03-23,0.2,83.0,28.2,4.24,3.0
2023-03-24,2.1,90.0,26.1,6.24,3.0
2023-03-25,68.8,90.0,25.4,4.08,3.0
2023-03-26,9.3,90.0,25.9,4.8,2.0
2023-03-27,5.7,90.0,25.2,3.44,3.0
2023-03-28,30.0,88.0,26.2,3.68,2.0
2023-03-29,0.0,86.0,26.1,4.32,3.0
2023-03-30,0.3,82.0,26.1,7.12,3.0
2023-03-31,3.7,83.0,26.9,4.24,5.0
2023-04-01,0.0,83.0,26.1,0.4,3.0
2023-04-02,1.7,84.0,26.1,5.68,3.0
2023-04-03,0.85,77.0,27.9,7.92,2.0
2023-04-04,0.0,81.0,26.4,5.6,3.0
2023-04-05,0.0,71.0,27.5,8.0,3.0
2023-04-06,0.0,74.0,26.9,5.44,3.0
2023-04-07,0.0,78.0,26.4,8.0,3.0
2023-04-08,0.0,79.0,27.1,6.24,4.0
2023-04-09,0.0,79.0,27.4,7.44,3.0
2023-04-10,0.0,86.0,26.4,2.32,4.0
2023-04-11,0.0,85.0,25.9,4.0,3.0
2023-04-12,2.5,85.0,26.4,5.12,3.0
2023-04-13,9.3,82.0,26.4,2.48,3.0
2023-04-14,0.0,83.0,26.5,4.72,3.0
2023-04-15,0.5,79.0,27.6,7.28,4.0
2023-04-16,1.0,83.0,26.9,4.72,3.0
2023-04-17,0.5,81.0,27.6,7.6,3.0
2023-04-18,0.0,83.0,27.3,3.28,3.0
2023-04-19,42.5,88.0,26.5,6.48,3.0
2023-04-20,42.3,89.0,26.9,5.68,3.0
2023-04-21,17.0,86.0,26.5,5.84,3.0
2023-04-22,40.5,84.0,27.1,7.44,3.0
2023-04-23,76.0,89.0,26.3,6.4,5.0
2023-04-24,69.0,87.0,26.1,6.8,4.0
2023-04-25,7.5,89.0,25.6,4.64,4.0
2023-04-26,1.0,86.0,26.6,6.64,3.0
2023-04-27,0.0,86.0,26.5,6.08,3.0
2023-04-28,2.0,86.0,27.4,4.48,3.0
2023-04-29,0.0,84.0,27.5,5.04,3.0
2023-04-30,0.0,84.0,27.4,6.24,3.0
2023-05-01,0.0,84.0,27.4,4.32,3.0
2023-05-02,0.0,85.0,27.1,7.2,3.0
2023-05-03,11.6,90.0,26.3,4.88,4.0
2023-05-04,68.1,88.0,26.8,5.12,3.0
2023-05-05,34.15,86.0,27.3,6.48,3.0
2023-05-06,0.2,84.0,27.3,4.4,3.0
2023-05-07,0.0,90.0,26.4,3.92,4.0
2023-05-08,58.8,90.0,26.3,2.48,3.0
2023-05-09,26.9,82.0,27.4,6.08,3.0
2023-05-10,0.0,79.0,28.3,7.44,3.0
2023-05-11,0.0,86.0,26.8,4.4,5.0
2023-05-12,0.0,77.0,28.1,8.0,5.0
2023-05-13,0.0,87.0,26.7,6.72,6.0
2023-05-14,12.8,75.0,27.1,6.88,4.0
2023-05-15,0.0,79.0,26.9,7.52,3.0
2023-05-16,0.0,74.0,27.2,7.04,4.0
2023-05-17,0.0,78.0,26.8,8.0,3.0
2023-05-18,0.0,80.0,27.1,0.48,3.0
2023-05-19,0.0,83.0,26.8,3.28,3.0
2023-05-20,0.2,82.0,27.6,3.04,3.0
2023-05-21,1.0,85.0,26.9,0.0,3.0
2023-05-22,3.0,83.0,26.4,7.6,3.0
2023-05-23,1.3,80.0,27.1,7.28,3.0
2023-05-24,0.0,82.0,27.0,6.0,3.0
2023-05-25,0.0,84.0,25.9,7.28,3.0
2023-05-26,55.0,80.0,27.3,7.04,3.0
2023-05-27,26.5,87.0,26.6,3.12,3.0
2023-05-28,0.0,83.0,27.1,7.68,2.0
2023-05-29,0.0,86.0,26.9,5.44,3.0
2023-05-30,0.0,83.0,26.6,7.6,2.0
2023-05-31,28.8,80.0,26.7,7.92,4.0
2023-06-01,0.0,75.0,26.8,7.92,3.0
2023-06-02,0.0,81.0,27.4,7.44,3.0
2023-06-03,29.65,82.0,27.8,5.84,3.0
2023-06-04,59.3,84.0,26.6,7.6,4.0
2023-06-05,0.3,86.0,25.9,7.28,3.0
2023-06-06,44.0,91.0,25.6,0.48,3.0
2023-06-07,0.4,83.0,26.6,7.44,3.0
2023-06-08,3.5,82.0,26.9,5.52,3.0
2023-06-09,0.0,80.0,26.4,8.0,4.0
2023-06-10,13.3,87.0,26.1,6.8,4.0
2023-06-11,0.0,78.0,26.8,8.0,2.0
2023-06-12,0.0,81.0,26.7,7.44,3.0
2023-06-13,0.0,84.0,26.9,5.6,4.0
2023-06-14,15.7,91.0,25.2,3.68,3.0
2023-06-15,16.5,82.0,26.4,7.04,3.0
2023-06-16,2.6,95.0,24.5,0.0,4.0
2023-06-17,10.1,86.0,25.9,0.0,2.0
2023-06-18,0.0,86.0,26.3,8.0,2.0
2023-06-19,73.7,91.0,25.6,5.84,4.0
2023-06-20,15.1,80.0,26.9,7.84,3.0
2023-06-21,0.0,84.0,26.8,6.08,3.0
2023-06-22,3.6,81.0,27.7,6.72,3.0
2023-06-23,14.3,83.0,27.1,5.52,4.0
2023-06-24,0.4,87.0,26.6,8.0,3.0
2023-06-25,7.0,86.0,25.7,6.64,3.0
2023-06-26,1.0,82.0,25.9,6.72,3.0
2023-06-27,0.0,84.0,25.9,7.28,2.0
2023-06-28,0.0,78.0,26.8,7.68,4.0
2023-06-29,23.5,85.0,26.5,7.28,4.0
2023-06-30,16.2,82.0,27.1,4.88,3.0
2023-07-01,0.0,85.0,26.6,5.04,3.0
2023-07-02,0.6,80.0,26.4,4.4,3.0
2023-07-03,0.0,81.0,26.8,4.88,4.0
2023-07-04,0.0,81.0,26.1,3.6,4.0
2023-07-05,0.0,81.0,26.6,5.04,3.0
2023-07-06,6.6,90.0,25.8,1.04,4.0
2023-07-07,0.0,90.0,24.8,2.4,2.0
2023-07-08,58.0,88.0,25.3,4.16,3.0
2023-07-09,20.8,82.0,26.0,4.16,3.0
2023-07-10,0.0,81.0,26.4,3.04,4.0
2023-07-11,0.0,80.0,26.1,4.32,5.0
2023-07-12,0.0,82.0,26.8,5.28,3.0
2023-07-13,43.6,80.0,26.6,5.76,4.0
2023-07-14,0.5,83.0,26.1,3.84,3.0
2023-07-15,0.0,79.0,26.9,5.2,5.0
2023-07-16,0.0,80.0,26.7,6.24,4.0
2023-07-17,4.3,77.0,26.7,6.08,4.0
2023-07-18,0.0,74.0,26.2,6.96,3.0
2023-07-19,0.0,72.0,26.1,6.96,5.0
2023-07-20,0.0,73.0,25.6,5.76,4.0
2023-07-21,0.0,75.0,26.7,3.52,3.0
2023-07-22,0.0,74.0,27.1,3.76,4.0
2023-07-23,0.0,80.0,26.6,3.84,3.0
2023-07-24,0.0,83.0,26.1,4.72,2.0
2023-07-25,0.0,83.0,25.8,3.44,3.0
2023-07-26,0.0,79.0,26.8,2.4,3.0
2023-07-27,0.0,78.0,26.9,4.8,3.0
2023-07-28,0.0,77.0,26.4,5.76,5.0
2023-07-29,0.0,74.0,26.5,2.8,3.0
2023-07-30,0.0,73.0,26.5,4.56,4.0
2023-07-31,0.0,69.0,26.0,6.32,4.0
2023-08-01,0.0,74.0,25.6,6.72,5.0
2023-08-02,0.0,78.0,26.9,1.68,6.0
2023-08-03,0.0,84.0,26.1,4.96,3.0
2023-08-04,20.4,82.0,26.5,6.24,4.0
2023-08-05,3.9,76.0,26.8,5.84,4.0
2023-08-06,0.0,79.0,26.6,6.4,4.0
2023-08-07,0.0,80.0,26.7,5.44,3.0
2023-08-08,0.25,75.0,27.9,4.24,3.0
2023-08-09,0.5,78.0,26.9,6.48,4.0
2023-08-10,0.0,75.0,26.6,6.16,5.0
2023-08-11,0.0,78.0,26.4,5.6,4.0
2023-08-12,0.0,75.0,25.6,4.64,3.0
2023-08-13,0.0,77.0,25.1,4.8,3.0
2023-08-14,0.0,74.0,25.9,6.72,4.0
2023-08-15,0.0,73.0,26.3,5.76,4.0
2023-08-16,1.7,74.0,26.0,6.48,3.0
2023-08-17,0.0,72.0,26.2,5.84,5.0
2023-08-18,0.0,73.0,26.4,5.36,5.0
2023-08-19,0.0,73.0,26.6,6.64,4.0
2023-08-20,2.9,76.0,27.1,6.0,4.0
2023-08-21,5.8,75.0,26.2,5.04,4.0
2023-08-22,0.0,77.0,25.6,4.24,4.0
2023-08-23,0.0,75.0,26.6,4.4,5.0
2023-08-24,0.0,74.0,27.1,5.84,4.0
2023-08-25,0.0,79.0,27.0,4.56,4.0
2023-08-26,37.46666666666667,77.0,27.1,3.44,3.0
2023-08-27,74.93333333333334,83.0,25.4,4.32,3.0
2023-08-28,112.4,81.0,25.6,3.92,4.0
2023-08-29,74.93333333333334,74.0,26.1,5.92,3.0
2023-08-30,37.46666666666667,71.0,26.0,5.92,4.0
2023-08-31,0.0,72.0,26.4,6.08,4.0
2023-09-01,0.0,86.0,26.7,2.16,3.0
2023-09-02,0.0,83.0,26.8,5.04,3.0
2023-09-03,0.0,85.0,26.4,4.4,4.0
2023-09-04,0.0,87.0,25.8,5.6,4.0
2023-09-05,0.0,80.0,25.8,3.6,3.0
2023-09-06,0.0,85.0,26.6,5.44,3.0
2023-09-07,0.0,89.0,27.1,4.0,5.0
2023-09-08,27.0,93.0,26.0,0.0,3.0
2023-09-09,5.6,90.0,26.4,1.36,2.0
2023-09-10,0.0,94.0,26.2,1.76,3.0
2023-09-11,0.0,86.0,26.3,5.6,3.0
2023-09-12,0.0,83.0,26.9,5.52,4.0
2023-09-13,0.0,86.0,27.6,3.44,4.0
2023-09-14,0.0,78.0,27.0,5.28,4.0
2023-09-15,0.0,78.0,27.0,5.12,4.0
2023-09-16,0.0,86.0,27.4,4.24,3.0
2023-09-17,0.0,83.0,27.2,5.04,3.0
2023-09-18,5.2,82.0,28.0,3.76,4.0
2023-09-19,10.4,82.0,26.8,6.08,3.0
2023-09-20,15.6,81.0,25.9,3.68,5.0
2023-09-21,4.2,83.0,26.5,4.16,3.0
2023-09-22,9.2,88.0,26.6,3.12,3.0
2023-09-23,0.0,86.0,26.4,2.88,3.0
2023-09-24,0.0,84.0,26.2,5.52,3.0
2023-09-25,0.6,85.0,26.8,5.12,4.0
2023-09-26,0.0,79.0,27.7,4.4,3.0
2023-09-27,0.0,77.0,27.1,5.52,4.0
2023-09-28,0.0,83.0,27.3,4.64,5.0
2023-09-29,0.0,80.0,27.9,4.08,3.0
2023-09-30,0.0,79.0,27.0,2.64,3.0
2023-10-01,25.1,78.0,27.1,5.52,4.0
2023-10-02,0.0,74.0,27.0,5.92,4.0
2023-10-03,0.2,72.0,27.3,5.52,4.0
2023-10-04,0.0,73.0,27.5,6.64,4.0
2023-10-05,0.0,77.0,27.8,6.0,4.0
2023-10-06,0.0,76.0,27.1,5.04,5.0
2023-10-07,7.0,77.0,27.6,5.28,3.0
2023-10-08,0.0,71.0,27.9,5.44,3.0
2023-10-09,0.0,72.0,28.1,4.48,4.0
2023-10-10,0.0,74.0,28.2,3.84,6.0
2023-10-11,2.5,73.0,28.3,2.64,4.0
2023-10-12,1.25,73.0,28.3,4.24,3.0
2023-10-13,0.0,73.0,27.9,4.72,4.0
2023-10-14,0.0,78.0,27.1,4.64,4.0
2023-10-15,4.2,72.0,28.1,3.12,3.0
2023-10-16,0.0,69.0,28.9,4.96,4.0
2023-10-17,1.0,66.0,29.3,5.44,4.0
2023-10-18,0.0,65.0,28.3,5.52,5.0
2023-10-19,0.0,70.0,27.5,6.88,4.0
2023-10-20,0.0,74.0,27.6,4.48,6.0
2023-10-21,0.5,81.0,27.1,4.8,4.0
2023-10-22,5.3,77.0,28.1,4.8,3.0
2023-10-23,0.0,72.0,27.4,4.16,3.0
2023-10-24,0.0,74.0,27.0,4.32,3.0
2023-10-25,2.2,84.0,26.3,3.92,4.0
2023-10-26,44.5,82.0,26.9,4.8,3.0
2023-10-27,9.6,80.0,27.6,5.44,4.0
2023-10-28,4.8,66.0,28.4,6.72,3.0
2023-10-29,0.0,67.0,27.8,6.56,5.0
2023-10-30,0.0,71.0,27.8,6.32,5.0
2023-10-31,0.0,78.0,27.1,5.12,4.0
2023-11-01,78.6,78.0,26.6,4.32,4.0
2023-11-02,68.9,85.0,26.5,4.48,3.0
2023-11-03,9.2,85.0,26.4,4.64,3.0
2023-11-04,74.2,84.0,26.5,2.64,4.0
2023-11-05,109.0,88.0,26.0,2.24,3.0
2023-11-06,14.7,88.0,27.3,5.6,3.0
2023-11-07,0.0,83.0,27.9,5.04,3.0
2023-11-08,0.0,79.0,28.2,6.08,3.0
2023-11-09,20.5,79.0,26.2,4.16,3.0
2023-11-10,72.0,87.0,27.0,5.04,3.0
2023-11-11,0.0,84.0,27.2,4.8,3.0
2023-11-12,8.3,85.0,27.0,4.32,4.0
2023-11-13,41.0,85.0,26.9,3.76,4.0
2023-11-14,19.0,82.0,26.9,4.48,4.0
2023-11-15,58.1,87.0,27.2,4.08,5.0
2023-11-16,7.7,85.0,26.5,4.56,3.0
2023-11-17,37.5,83.0,27.3,4.24,3.0
2023-11-18,39.0,85.0,27.3,4.48,3.0
2023-11-19,7.0,85.0,28.1,6.32,3.0
2023-11-20,0.0,78.0,28.2,5.04,4.0
2023-11-21,0.0,78.0,27.9,5.12,4.0
2023-11-22,68.0,83.0,26.9,3.6,4.0
2023-11-23,30.0,83.0,26.6,0.0,4.0
2023-11-24,0.0,84.0,27.2,2.8,2.0
2023-11-25,53.0,85.0,24.6,0.0,4.0
2023-11-26,1.0,93.0,25.6,3.44,2.0
2023-11-27,83.0,87.0,25.8,0.0,4.0
2023-11-28,0.0,89.0,26.5,2.0,3.0
2023-11-29,3.0,85.0,27.4,4.96,3.0
2023-11-30,148.0,81.0,25.9,2.24,5.0
2023-12-01,65.4,90.0,25.4,0.0,3.0
2023-12-02,34.45,90.0,26.8,4.48,2.0
2023-12-03,3.5,85.0,27.1,1.76,4.0
2023-12-04,55.8,83.0,25.2,0.0,3.0
2023-12-05,41.65,90.0,26.6,5.36,2.0
2023-12-06,27.5,82.0,26.3,4.24,4.0
2023-12-07,10.8,85.0,27.8,3.76,3.0
2023-12-08,27.7,84.0,27.1,3.44,3.0
2023-12-09,8.0,88.0,26.7,2.72,3.0
2023-12-10,31.4,87.0,27.5,0.72,3.0
2023-12-11,0.2,84.0,26.7,4.88,3.0
2023-12-12,31.2,85.0,27.4,4.72,4.0
2023-12-13,0.0,83.0,27.1,6.48,3.0
2023-12-14,7.1,80.0,28.3,6.08,3.0
2023-12-15,0.0,75.0,27.9,5.6,3.0
2023-12-16,0.0,76.0,27.9,6.72,3.0
2023-12-17,0.0,74.0,27.7,6.64,3.0
2023-12-18,0.0,78.0,28.3,5.84,2.8333333333333335
2023-12-19,0.0,77.0,28.1,4.88,2.6666666666666665
2023-12-20,0.0,67.0,27.6,7.04,2.5
2023-12-21,0.0,66.0,26.3,6.4,2.3333333333333335
2023-12-22,0.0,71.0,27.8,4.64,2.166666666666667
2023-12-23,0.0,69.0,28.5,4.24,2.0
2023-12-24,0.0,75.0,28.1,3.6,5.0
2023-12-25,73.0,77.0,27.4,1.12,2.0
2023-12-26,36.75,83.0,27.0,0.8,6.0
2023-12-27,0.5,85.0,27.3,2.72,4.0
2023-12-28,3.8,83.0,26.1,4.24,3.0
2023-12-29,74.5,86.0,26.7,1.6,4.0
2023-12-30,44.7,89.0,26.8,0.64,3.0
2023-12-31,98.5,90.0,26.4,3.04,3.0
2024-01-01,16.4,86.0,27.1,2.24,3.0
2024-01-02,1.5,88.0,27.4,2.24,3.0
2024-01-03,13.7,90.0,26.6,0.08,2.0
2024-01-04,1.0,91.0,25.6,1.28,0.0
2024-01-05,5.2,82.0,26.9,2.88,3.0
2024-01-06,0.0,84.0,26.5,3.6,4.0
2024-01-07,2.8,93.0,25.1,3.84,3.0
2024-01-08,19.0,88.0,26.1,4.88,3.0
2024-01-09,3.9,85.0,27.0,6.8,3.0
2024-01-10,3.5,87.0,26.3,4.8,3.0
2024-01-11,35.0,95.0,24.5,3.2,4.0
2024-01-12,20.8,88.0,26.6,1.44,3.0
2024-01-13,0.0,87.0,26.1,2.64,3.0
2024-01-14,10.6,86.0,26.3,6.08,4.0
2024-01-15,7.0,83.0,26.9,3.92,3.0
2024-01-16,0.0,81.0,27.1,4.8,3.0
2024-01-17,0.0,91.0,25.6,1.92,3.0
2024-01-18,3.7,87.0,26.4,0.4,3.0
2024-01-19,26.9,96.0,24.2,0.0,3.0
2024-01-20,32.5,74.0,26.6,8.0,3.0
2024-01-21,0.0,87.0,25.7,2.88,5.0
2024-01-22,6.0,77.0,27.4,2.88,2.0
2024-01-23,2.6,82.0,26.8,1.52,3.0
2024-01-24,0.5,81.0,26.2,1.04,4.0
2024-01-25,19.5,81.0,27.3,6.64,3.0
2024-01-26,0.0,84.0,26.8,4.48,2.0
2024-01-27,3.7,93.0,25.2,0.0,0.0
2024-01-28,32.9,96.0,24.9,0.88,2.0
2024-01-29,65.7,92.0,25.4,0.24,3.0
2024-01-30,8.7,94.0,25.6,0.24,3.0
2024-01-31,50.7,89.0,25.8,3.92,3.0
2024-02-03,10.5,90.0,25.6,8.8,2.0
2024-02-04,1.7,86.0,26.2,3.5,2.0
2024-02-05,4.2,84.0,26.5,1.0,1.0
2024-02-06,1.5,91.0,24.6,5.2,1.0
2024-02-07,3.2,90.0,25.0,0.5,1.0
2024-02-08,25.0,78.0,27.4,3.3,1.0
2024-02-09,0.01,77.0,28.3,8.0,2.0
2024-02-10,0.0,90.0,25.4,7.0,1.0
2024-02-11,3.1,88.0,25.7,2.9,2.0
2024-02-12,38.7,83.0,27.1,6.2,1.0
2024-02-13,0.01,80.0,28.3,5.9,1.0
2024-02-14,10.1,86.0,27.3,7.0,1.0
2024-02-15,3.0,89.0,26.8,0.9,1.0
2024-02-16,9.0,91.0,26.3,3.3,2.0
2024-02-17,3.6,91.0,25.8,1.6,1.0
2024-02-18,14.4,89.0,25.9,3.8,2.0
2024-02-19,3.7,86.0,27.1,5.3,2.0
2024-02-20,0.01,84.0,27.3,4.7,1.0
2024-02-21,64.0,87.0,26.9,8.0,1.0
2024-02-22,0.6,82.0,28.2,5.1,1.0
2024-02-23,2.0,78.0,28.5,8.1,1.0
2024-02-24,3.4000000000000004,83.0,27.8,8.0,2.0
2024-02-25,4.8,86.0,26.9,5.8,1.0
2024-02-26,0.01,85.0,26.9,0.4,1.0
2024-02-27,0.555,83.0,26.9,2.3,3.0
2024-02-28,1.1,89.0,26.2,6.8,0.0
2024-02-29,5.0,93.0,24.8,0.0,1.0
2024-03-01,3.7,89.0,25.7,1.0,1.0
2024-03-01,3.7,89.0,25.7,1.0,1.0
2024-03-02,25.0,94.0,25.6,5.2,2.0
2024-03-02,25.0,94.0,25.6,5.2,2.0
2024-03-03,57.0,91.0,25.5,3.5,2.0
2024-03-03,57.0,91.0,25.5,3.5,2.0
2024-03-04,30.4,86.0,26.7,2.6,1.0
2024-03-05,0.7,88.0,26.9,4.3,2.0
2024-03-06,0.8,87.0,26.6,3.4,1.0
2024-03-07,40.2,88.0,26.6,5.4,2.0
2024-03-08,65.2,88.0,26.1,6.3,4.0
2024-03-09,18.8,91.0,25.0,2.4,1.0
2024-03-10,4.0,88.0,26.9,0.5,1.0
2024-03-11,2.0,90.0,26.4,0.5,2.0
2024-03-12,10.7,86.0,26.4,0.8,2.0
2024-03-13,10.2,91.0,26.2,3.5,1.0
2024-03-14,27.3,92.0,25.0,0.5,2.0
2024-03-15,38.6,90.0,24.8,0.0,1.0
2024-03-16,13.9,89.0,25.2,0.1,2.0
2024-03-17,6.9,91.0,24.9,2.2,1.0
2024-03-18,9.0,82.0,26.7,1.0,2.0
2024-03-19,6.7524999999999995,71.0,27.2,5.6,2.0
2024-03-20,4.505,72.0,27.1,9.7,1.0
2024-03-21,2.2575000000000003,78.0,27.8,10.1,3.0
2024-03-22,0.01,83.0,26.9,9.7,2.0
2024-03-23,0.0,79.0,28.4,1.2,2.0
2024-03-24,3.3,84.0,27.4,5.7,2.0
2024-03-25,134.0,88.0,26.4,6.2,1.0
2024-03-26,27.8,86.0,26.6,4.8,1.0
2024-03-27,42.8,90.0,25.5,6.5,1.0
2024-03-28,1.1,82.0,27.0,0.0,1.0
2024-03-29,5.9,86.0,26.3,7.8,2.0
2024-03-30,72.5,89.0,26.9,6.9,1.0
2024-03-31,71.4,88.0,26.9,6.2,1.0
2024-04-01,39.0,87.0,26.5,6.1,1.0
2024-04-02,20.8,87.0,27.5,6.1,1.0
2024-04-03,37.5,90.0,26.5,5.1,1.0
2024-04-04,7.1,84.0,27.8,2.8,0.0
2024-04-05,1.3,78.0,28.5,6.4,1.0
2024-04-06,24.366666666666667,83.0,28.0,3.4,1.0
2024-04-07,47.43333333333333,77.0,28.0,5.3,2.0
2024-04-08,70.5,78.0,28.1,9.5,1.0
2024-04-09,35.25,83.0,27.3,4.9,1.0
2024-04-10,0.0,82.0,27.5,3.2,1.0
2024-04-11,0.2,83.0,27.8,6.9,2.0
2024-04-12,20.1,92.0,25.7,8.9,1.0
2024-04-13,20.2,83.0,27.4,2.6,1.0
2024-04-14,40.9,88.0,26.7,7.5,1.0
2024-04-15,27.2,83.0,28.1,5.3,2.0
2024-04-16,0.0,80.0,28.6,6.5,1.0
2024-04-17,0.8,85.0,27.1,8.7,1.0
2024-04-18,42.1,86.0,26.8,6.2,1.0
2024-04-19,52.5,89.0,26.3,7.1,2.0
2024-04-20,24.4,81.0,27.9,4.3,1.0
2024-04-21,0.0,91.0,26.4,8.6,1.0
2024-04-22,1.0,82.0,28.0,1.0,1.0
2024-04-23,31.9,89.0,26.6,8.6,1.0
2024-04-24,73.0,88.0,27.2,2.6,2.0
2024-04-25,31.0,89.0,26.4,1.7,2.0
2024-04-26,71.9,87.0,27.1,2.2,2.0
2024-04-27,0.8,85.0,27.2,6.1,2.0
2024-04-28,0.0,86.0,27.5,5.5,2.0
2024-04-29,4.0,82.0,28.8,5.7,1.0
2024-04-30,0.1,84.0,27.9,7.9,2.0
2024-05-01,86.7,90.0,27.4,6.5,2.0
2024-05-02,17.5,88.0,27.3,3.0,3.0
2024-05-03,17.8,86.0,27.3,4.5,2.0
2024-05-04,27.5,87.0,26.4,6.7,1.0
2024-05-05,9.2,79.0,27.7,6.3,2.0
2024-05-06,7.3999999999999995,79.0,27.5,8.7,2.0
2024-05-07,5.6,78.0,28.3,8.7,2.0
2024-05-08,3.8,81.0,27.5,9.1,2.0
2024-05-09,2.0,79.0,28.2,7.5,2.0
2024-05-10,0.1,77.0,28.9,7.5,2.0
2024-05-11,0.85,84.0,27.4,8.8,2.0
2024-05-12,1.6,78.0,28.6,7.2,3.0
2024-05-13,16.55,83.0,27.6,6.2,3.0
2024-05-14,31.5,88.0,26.6,6.2,1.0
2024-05-15,0.9,75.0,28.7,1.0,3.0
2024-05-16,0.8,86.0,26.8,7.7,2.0
2024-05-17,109.3,85.0,26.9,6.4,2.0
2024-05-18,8.7,83.0,27.2,5.4,3.0
2024-05-19,38.8,88.0,26.8,7.3,2.0
2024-05-20,32.7,83.0,27.4,6.2,1.0
2024-05-21,17.450000000000003,83.0,27.9,4.2,1.0
2024-05-22,2.2,81.0,28.2,6.2,2.0
2024-05-23,1.25,87.0,27.0,4.0,2.0
2024-05-24,0.3,89.0,26.2,3.9,3.0
2024-05-25,146.6,93.0,25.6,2.6,1.0
2024-05-26,2.5,84.0,27.6,0.0,1.0
2024-05-27,2.4,80.0,27.8,4.3,2.0
2024-05-28,2.3,81.0,28.3,7.2,1.0
2024-05-29,5.4,79.0,28.5,6.0,1.0
2024-05-30,8.5,80.0,27.8,8.1,1.0
2024-05-31,11.6,82.0,27.7,8.4,1.0
2024-06-01,0.2,89.0,26.4,8.5,1.0
2024-06-02,23.3,86.0,27.4,1.2,2.0
2024-06-03,9.8,91.0,26.3,3.1,1.0
2024-06-04,16.5,83.0,27.0,1.0,1.0
2024-06-05,0.8,79.0,27.7,5.4,1.0
2024-06-06,0.0,76.0,28.2,9.3,2.0
2024-06-07,0.0,77.0,27.5,7.4,2.0
2024-06-08,0.005,79.0,27.7,9.3,2.0
2024-06-09,0.01,82.0,26.8,8.8,2.0
2024-06-10,1.0,80.0,27.8,8.6,2.0
2024-06-11,18.8,87.0,26.3,9.5,1.0
2024-06-12,11.2,86.0,25.9,4.3,1.0
2024-06-13,32.5,84.0,27.4,5.5,1.0
2024-06-14,0.6,84.0,27.0,6.3,1.0
2024-06-15,35.0,83.0,27.5,7.2,2.0
2024-06-16,0.5,90.0,26.7,6.6,2.0
2024-06-17,24.0,83.0,27.6,2.6,2.0
2024-06-18,12.0,85.0,26.4,7.6,1.0
2024-06-19,0.0,78.0,27.6,2.8,2.0
2024-06-20,0.19999999999999998,72.0,27.5,8.6,2.0
2024-06-21,0.39999999999999997,79.0,27.1,9.9,2.0
2024-06-22,0.6,78.0,27.1,9.0,2.0
2024-06-23,0.0,72.0,27.4,7.5,2.0
2024-06-24,1.8666666666666665,75.0,28.0,9.4,1.0
2024-06-25,3.733333333333333,83.0,26.1,7.6,1.0
2024-06-26,5.6,78.0,27.6,2.3,1.0
2024-06-27,5.199999999999999,84.0,26.9,8.2,1.0
2024-06-28,4.8,84.0,27.2,7.0,1.0
2024-06-29,0.5,90.0,25.0,6.6,2.0
2024-06-30,38.2,81.0,27.4,3.8,1.0
2024-07-01,25.25,86.0,26.5,9.4,1.0
2024-07-02,12.3,86.0,26.4,8.4,2.0
2024-07-03,7.15,85.0,25.6,4.9,2.0
2024-07-04,2.0,89.0,25.2,7.4,1.0
2024-07-05,28.6,85.0,26.2,4.4,3.0
2024-07-06,3.4,94.0,23.4,0.0,2.0
2024-07-07,39.3,84.0,26.4,1.6,2.0
2024-07-08,42.849999999999994,82.0,26.5,4.800000000000001,2.0
2024-07-09,46.4,80.0,26.6,8.0,1.0
2024-07-10,0.0,82.0,26.2,6.7,2.0
2024-07-11,0.0,84.0,25.8,5.3,2.0
2024-07-12,2.0,73.0,26.7,8.0,2.0
2024-07-13,0.0,78.0,24.9,8.0,1.0
2024-07-14,0.0,77.0,25.2,8.0,1.0
2024-07-15,0.0,73.0,25.2,8.0,1.0
2024-07-16,0.0,76.0,25.8,8.0,2.0
2024-07-17,0.0,79.0,26.1,8.0,3.0
2024-07-18,0.2,80.0,26.7,7.0,2.0
2024-07-19,1.0,78.0,26.8,7.2,2.0
2024-07-20,0.0,77.0,26.7,8.0,2.0
2024-07-21,3.0,78.0,26.5,8.0,1.0
2024-07-22,0.0,76.0,26.8,8.0,3.0
2024-07-23,0.0,74.0,26.4,8.0,3.0
2024-07-24,0.0,74.0,26.1,8.0,3.0
2024-07-25,0.0,75.0,27.0,7.6,3.0
2024-07-26,0.2,77.0,27.1,6.5,2.0
2024-07-27,0.0,73.0,28.1,7.0,2.0
2024-07-28,0.0,75.0,27.1,8.0,1.0
2024-07-29,0.01,71.0,27.1,7.5,2.0
2024-07-30,0.0,74.0,27.3,8.0,1.0
2024-07-31,0.0,73.0,27.3,8.0,1.0
2024-08-01,0.0,85.0,25.9,8.0,2.0
2024-08-02,48.8,86.0,25.1,4.9,1.0
2024-08-03,38.0,86.0,26.0,6.4,2.0
2024-08-04,11.7,82.0,26.4,5.2,1.0
2024-08-05,0.0,79.0,26.4,7.5,3.0
2024-08-06,0.0,79.0,26.8,7.3,2.0
2024-08-07,0.0,78.0,26.4,8.0,3.0
2024-08-08,0.0,77.0,26.7,6.4,2.0
2024-08-09,0.0,76.0,27.4,3.4,3.0
2024-08-10,0.0,76.0,27.7,8.0,3.0
2024-08-11,0.2,76.0,27.7,6.8,3.0
2024-08-12,0.8,65.0,26.9,8.0,2.0
2024-08-13,0.0,71.0,26.7,8.0,1.0
2024-08-14,0.0,71.0,27.0,8.0,1.0
2024-08-15,0.0,75.0,27.1,8.0,2.0
2024-08-16,0.0,75.0,26.7,8.0,3.0
2024-08-17,0.01,83.0,25.3,8.0,2.0
2024-08-18,0.4,75.0,27.7,4.5,3.0
2024-08-19,0.0,83.0,25.4,8.0,3.0
2024-08-20,0.0,76.0,27.5,8.0,3.0
2024-08-21,0.0,76.0,27.7,7.6,3.0
2024-08-22,0.0,76.0,27.1,7.2,3.0
2024-08-23,1.0,83.0,27.0,7.0,2.0
2024-08-24,5.0,82.0,25.5,5.9,3.0
2024-08-25,13.2,74.0,26.8,6.6,3.0
2024-08-26,0.0,77.0,27.0,8.0,3.0
2024-08-27,0.0,78.0,27.0,7.5,3.0
2024-08-28,0.01,74.0,26.5,7.4,2.0
2024-08-29,0.5,78.0,27.0,4.8,2.0
2024-08-30,0.2,76.0,26.7,3.6,2.0
2024-08-31,2.9,75.0,27.0,7.9,3.0
2024-09-01,0.0,75.0,27.7,8.0,2.0
2024-09-02,0.0,79.0,27.5,6.4,2.0
2024-09-03,31.5,80.0,26.6,8.0,3.0
2024-09-04,0.0,71.0,27.6,8.0,3.0
2024-09-05,0.2,82.0,26.4,7.3,2.0
2024-09-06,10.7,76.0,27.4,5.5,2.0
2024-09-07,0.0,74.0,27.7,8.0,2.0
2024-09-08,0.0,75.0,27.8,8.0,3.0
2024-09-09,0.0,88.0,25.3,8.0,2.0
2024-09-10,44.4,89.0,25.1,5.0,3.0
2024-09-11,83.6,83.0,26.4,7.0,2.0
2024-09-12,0.0,83.0,26.1,4.1,3.0
2024-09-13,84.2,86.0,26.2,5.5,2.0
2024-09-14,0.2,78.0,26.7,7.3,2.0
2024-09-15,0.0,73.0,26.9,8.0,3.0
2024-09-16,0.0,75.0,26.5,8.0,3.0
2024-09-17,0.0,67.0,26.4,8.0,3.0
2024-09-18,0.0,70.0,26.4,8.0,4.0
2024-09-19,0.0,70.0,27.1,8.0,3.0
2024-09-20,0.0,73.0,27.2,8.0,2.0
2024-09-21,0.0,74.0,27.1,8.0,3.0
2024-09-22,0.0,76.0,28.2,8.0,2.0
2024-09-23,20.4,82.0,27.7,8.0,2.0
2024-09-24,1.5,90.0,25.9,2.8,1.0
2024-09-25,1.7,81.0,26.3,1.8,2.0
2024-09-26,56.9,84.0,25.8,6.5,2.0
2024-09-27,4.5,81.0,26.6,6.2,2.0
2024-09-28,8.6,82.0,27.0,7.3,2.0
2024-09-29,43.0,85.0,26.4,5.1,4.0
2024-09-30,11.3,77.0,27.3,7.2,2.0
2024-10-01,0.0,77.0,27.2,7.3,3.0
2024-10-02,0.0,78.0,28.2,8.0,2.0
2024-10-03,22.0,85.0,27.0,8.0,2.0
2024-10-04,0.0,86.0,25.7,4.8,3.0
2024-10-05,89.8,88.0,25.6,7.1,3.0
2024-10-06,84.5,81.0,27.2,5.9,2.0
2024-10-07,0.0,74.0,27.4,5.1,4.0
2024-10-08,0.0,80.0,26.6,8.0,2.0
2024-10-09,1.2,82.0,27.2,4.7,2.0
2024-10-10,3.5,79.0,27.1,7.8,2.0
2024-10-11,14.2,79.0,27.5,8.0,3.0
2024-10-12,0.0,77.0,28.3,7.3,3.0
2024-10-13,0.0,84.0,27.0,8.0,2.0
2024-10-14,65.7,88.0,26.0,5.6,3.0
2024-10-15,60.3,89.0,25.8,6.2,2.0
2024-10-16,105.6,78.0,26.9,5.3,3.0
2024-10-17,0.0,67.0,26.2,7.9,3.0
2024-10-18,0.0,71.0,27.1,8.0,2.0
2024-10-19,0.0,74.0,27.6,8.0,2.0
2024-10-20,0.0,71.0,27.8,8.0,2.0
2024-10-21,0.0,69.0,27.6,8.0,3.0
2024-10-22,0.0,73.0,27.1,8.0,3.0
2024-10-23,0.0,75.0,28.7,8.0,1.0
2024-10-24,0.0,75.0,28.8,8.0,2.0
2024-10-25,8.3,79.0,28.2,7.3,2.0
2024-10-26,0.0,72.0,28.1,8.0,3.0
2024-10-27,0.0,75.0,28.2,8.0,2.0
2024-10-28,3.5,80.0,27.5,6.4,2.0
2024-10-29,13.3,83.0,27.2,7.5,2.0
2024-10-30,11.5,82.0,27.2,8.0,2.0
2024-10-31,10.2,85.0,26.2,8.0,3.0
2024-11-01,17.0,80.0,27.1,8.0,2.0
2024-11-02,0.0,82.0,27.0,5.2,2.0
2024-11-03,34.4,83.0,26.2,5.1,2.0
2024-11-04,29.2,82.0,26.4,4.1,2.0
2024-11-05,7.6,86.0,26.4,4.1,3.0
2024-11-06,60.5,80.0,26.7,6.0,2.0
2024-11-07,0.0,84.0,26.1,4.2,2.0
2024-11-08,70.6,80.0,27.8,6.3,3.0
2024-11-09,0.01,84.0,26.9,8.0,3.0
2024-11-10,0.01,84.0,26.4,5.7,1.0
2024-11-11,21.5,90.0,25.4,4.7,3.0
2024-11-12,86.7,86.0,26.4,2.5,3.0
2024-11-13,0.1,77.0,27.8,6.4,3.0
2024-11-14,0.0,84.0,27.5,8.0,2.0
2024-11-15,59.6,84.0,27.5,7.4,2.0
2024-11-16,10.4,93.0,26.0,4.5,2.0
2024-11-17,14.7,87.0,26.4,2.3,2.0
2024-11-18,14.7,89.0,26.1,7.1,2.0
2024-11-19,14.4,83.0,26.7,7.1,3.0
2024-11-20,59.7,83.0,26.6,8.0,2.0
2024-11-21,24.1,85.0,27.1,7.7,2.0
2024-11-22,15.8,88.0,26.7,6.9,2.0
2024-11-23,6.6,85.0,26.8,5.5,2.0
2024-11-24,3.7,88.0,26.6,6.4,2.0
2024-11-25,11.5,84.0,27.2,4.3,2.0
2024-11-26,0.7,81.0,27.5,4.9,1.0
2024-11-27,44.3,93.0,25.3,6.9,2.0
2024-11-28,72.1,86.0,26.2,3.0,2.0
2024-11-29,0.5,81.0,26.9,3.0,2.0
2024-11-30,0.0,79.0,27.6,2.7,2.0
2024-12-01,1.2,77.0,28.1,3.3,3.0
2024-12-02,0.8,86.0,26.4,6.8,3.0
2024-12-03,15.8,85.0,26.0,2.2,2.0
2024-12-04,1.5,91.0,25.0,0.0,1.0
2024-12-05,3.9,90.0,25.1,0.0,4.0
2024-12-06,11.7,91.0,25.5,0.1,1.0
2024-12-07,0.1,88.0,26.9,0.0,1.0
2024-12-08,8.7,86.0,27.0,2.8,2.0
2024-12-09,2.2,96.0,24.8,1.3,1.0
2024-12-10,26.1,88.0,25.5,0.0,2.0
2024-12-11,27.7,77.0,27.1,0.6,5.0
2024-12-12,10.7,72.0,27.4,4.3,7.0
2024-12-13,0.01,73.0,28.0,1.5,6.0
2024-12-14,8.1,87.0,25.7,4.2,4.0
2024-12-15,4.3,84.0,25.8,0.0,4.0
2024-12-16,0.5,94.0,24.8,0.0,2.0
2024-12-17,20.0,84.0,26.8,0.0,3.0
2024-12-18,0.0,90.0,25.5,2.4,3.0
2024-12-19,5.3,91.0,24.9,0.1,4.0
2024-12-20,18.1,91.0,25.2,0.0,3.0
2024-12-21,14.8,88.0,26.4,2.0,2.0
2024-12-22,10.9,93.0,25.6,1.1,1.0
2024-12-23,13.5,89.0,25.7,1.3,1.0
2024-12-24,9.9,88.0,25.5,0.0,2.0
2024-12-25,1.1,90.0,25.8,0.0,2.0
2024-12-26,14.0,81.0,26.6,0.0,2.0
2024-12-27,0.0,84.0,26.4,0.4,2.0
2024-12-28,0.01,77.0,27.4,1.0,2.0
2024-12-29,0.0,76.0,27.5,4.4,3.0
2024-12-30,0.6,81.0,25.8,2.7,4.0
2024-12-31,0.5,77.0,27.1,0.5,4.0
2025-01-01,0.0,83.0,26.3,3.3,3.0
2025-01-02,5.2,77.0,27.1,3.5,3.0
2025-01-03,0.0,80.0,27.0,8.0,3.0
2025-01-04,0.0,83.0,26.7,8.0,2.0
2025-01-05,1.6,78.0,27.2,4.8,3.0
2025-01-06,0.01,80.0,26.6,5.6,3.0
2025-01-07,25.2,85.0,26.4,7.0,3.0
2025-01-08,0.01,85.0,27.0,6.2,2.0
2025-01-09,27.0,91.0,25.5,4.2,1.0
2025-01-10,2.0,86.0,26.7,0.2,3.0
2025-01-11,1.0,87.0,26.2,7.4,3.0
2025-01-12,7.0,80.0,26.6,5.6,3.0
2025-01-13,0.01,84.0,26.3,2.7,2.0
2025-01-14,0.01,93.0,25.0,4.1,2.0
2025-01-15,16.4,84.0,26.7,0.9,2.0
2025-01-16,0.0,89.0,25.8,5.9,2.0
2025-01-17,2.6,89.0,26.3,1.0,2.0
2025-01-18,14.6,85.0,25.9,3.3,2.0
2025-01-19,3.4,87.0,25.6,0.9,3.0
2025-01-20,57.8,89.0,25.4,5.4,2.0
2025-01-21,5.2,93.0,25.5,0.6,2.0
2025-01-22,21.4,87.0,25.6,0.5,3.0
2025-01-23,0.4,87.0,25.4,1.0,3.0
2025-01-24,4.1,96.0,24.4,2.6,2.0
2025-01-25,28.6,87.0,25.7,3.0,2.0
2025-01-26,2.0,84.0,26.1,4.9,3.0
2025-01-27,0.0,85.0,26.1,4.8,1.0
2025-01-28,3.0,96.0,23.7,0.7,2.0
2025-01-29,21.6,88.0,25.3,0.0,2.0
2025-01-30,28.3,86.0,25.4,0.1,2.0
2025-01-31,6.7,87.0,26.4,2.0,2.0
2025-02-01,9.3,90.0,26.3,4.9,2.0
2025-02-02,1.6,87.0,26.7,2.0,2.0
2025-02-03,0.0,88.0,26.8,3.2,2.0
2025-02-04,0.0,88.0,25.7,1.6,5.0
2025-02-05,3.4,77.0,26.9,0.1,6.0
2025-02-06,12.1,89.0,26.1,6.3,3.0
2025-02-07,1.1,88.0,26.5,1.4,1.0
2025-02-08,3.2,89.0,25.1,4.4,1.0
2025-02-09,0.01,88.0,26.2,2.1,2.0
2025-02-10,2.4,88.0,26.8,3.2,2.0
2025-02-11,0.0,84.0,27.2,2.7,3.0
2025-02-12,0.0,78.0,26.9,6.5,2.0
2025-02-13,0.0,80.0,27.4,8.0,3.0
2025-02-14,0.0,83.0,26.8,7.1,2.0
2025-02-15,0.4,87.0,26.2,5.0,2.0
2025-02-16,0.2,85.0,26.2,4.9,2.0
2025-02-17,0.01,90.0,25.0,5.6,1.0
2025-02-18,1.2,86.0,25.9,1.4,2.0
2025-02-19,3.0,88.0,26.1,4.2,2.0
2025-02-20,5.8,86.0,25.3,1.5,3.0
2025-02-21,6.0,84.0,26.5,6.4,2.0
2025-02-22,0.0,88.0,25.9,5.8,2.0
2025-02-23,1.0,90.0,25.3,1.1,2.0
2025-02-24,1.7,89.0,25.4,2.8,3.0
2025-02-25,45.1,88.0,25.9,3.8,2.0
2025-02-26,5.5,92.0,25.4,4.1,1.0
2025-02-27,4.7,89.0,25.5,0.0,2.0
2025-02-28,41.0,89.0,25.8,4.9,2.0
2025-03-01,19.6,85.0,26.3,6.6,2.0
2025-03-02,0.0,89.0,26.3,3.9,3.0
2025-03-03,74.2,89.0,26.3,5.2,3.0
2025-03-04,53.8,90.0,25.6,7.1,2.0
2025-03-05,0.2,81.0,26.9,1.1,2.0
2025-03-06,0.0,86.0,26.1,8.0,3.0
2025-03-07,41.8,85.0,26.5,6.6,3.0
2025-03-08,0.0,87.0,26.2,4.0,2.0
2025-03-09,11.7,89.0,25.9,5.6,2.0
2025-03-10,7.4,91.0,24.6,4.6,1.0
2025-03-11,0.2,84.0,26.6,2.0,2.0
2025-03-12,26.0,85.0,27.1,5.1,2.0
2025-03-13,0.0,88.0,26.9,5.1,2.0
2025-03-14,46.4,89.0,25.7,5.3,2.0
2025-03-15,7.2,91.0,25.2,5.7,2.0
2025-03-16,6.5,83.0,26.5,3.3,1.0
2025-03-17,0.01,94.0,25.0,4.0,2.0
2025-03-18,130.4,89.0,26.2,3.5,2.0
2025-03-19,5.2,81.0,26.3,1.5,2.0
2025-03-20,0.0,81.0,27.1,1.1,3.0
2025-03-21,0.01,80.0,27.4,5.1,2.0
2025-03-22,0.0,87.0,26.9,6.4,1.0
2025-03-23,0.5,82.0,26.9,2.1,3.0
2025-03-24,0.01,84.0,26.1,5.2,2.0
2025-03-25,4.1,86.0,25.6,4.0,1.0
2025-03-26,0.01,92.0,25.5,4.0,2.0
2025-03-27,1.6,90.0,25.4,2.4,2.0
2025-03-28,3.4,88.0,26.2,2.3,4.0
2025-03-29,6.4,85.0,26.2,1.6,2.0
2025-03-30,0.2,84.0,27.2,3.3,0.0
2025-03-31,0.0,85.0,26.8,6.4,2.0
2025-04-01,6.4,94.0,24.5,4.4,1.0
2025-04-02,11.8,87.0,26.4,2.1,2.0
2025-04-03,9.6,88.0,26.3,3.1,2.0
2025-04-04,4.6,84.0,26.9,7.3,2.0
2025-04-05,0.0,85.0,26.5,5.7,1.0
2025-04-06,0.3,84.0,26.2,5.1,2.0
2025-04-07,6.8,83.0,27.2,7.0,2.0
2025-04-08,0.1,81.0,26.8,8.0,1.0
2025-04-09,0.0,81.0,27.7,5.1,2.0
2025-04-10,0.0,87.0,26.6,6.1,1.0
2025-04-11,0.6,86.0,26.5,5.5,2.0
2025-04-12,28.4,90.0,26.4,4.1,2.0
2025-04-13,3.0,90.0,25.7,4.1,2.0
2025-04-14,2.6,85.0,26.6,2.8,1.0
2025-04-15,0.0,91.0,25.5,0.0,1.0
2025-04-16,3.2,86.0,25.9,0.0,2.0
2025-04-17,6.8,87.0,27.1,1.9,1.0
2025-04-18,0.0,86.0,26.8,0.1,3.0
2025-04-19,0.0,84.0,27.1,3.2,2.0
2025-04-20,21.7,82.0,26.9,3.8,2.0
2025-04-21,0.0,85.0,26.4,6.5,1.0
2025-04-22,0.0,82.0,27.0,0.2,2.0
2025-04-23,0.0,83.0,26.5,6.5,3.0
2025-04-24,0.0,85.0,26.6,6.5,2.0
2025-04-25,1.8,85.0,26.8,7.3,3.0
2025-04-26,3.6,89.0,26.7,5.6,1.0
2025-04-27,36.9,87.0,26.9,6.7,1.0
2025-04-28,69.5,82.0,27.0,7.2,2.0
2025-04-29,1.6,81.0,27.2,8.0,1.0
2025-04-30,0.0,87.0,26.2,8.0,3.0
2025-05-01,19.8,82.0,27.2,8.0,2.0
2025-05-02,4.0,81.0,27.2,7.9,2.0
2025-05-03,0.0,85.0,26.7,8.0,3.0
2025-05-04,0.4,84.0,26.8,6.4,2.0
2025-05-05,0.0,85.0,26.5,4.3,2.0
2025-05-06,32.4,87.0,26.6,8.0,2.0
2025-05-07,19.2,94.0,25.6,7.5,2.0
2025-05-08,9.4,89.0,26.6,4.7,2.0
2025-05-09,55.2,87.0,27.0,5.0,1.0
2025-05-10,8.4,88.0,26.9,5.8,2.0
2025-05-11,1.5,86.0,26.6,5.5,2.0
2025-05-12,1.0,81.0,27.3,6.1,1.0
2025-05-13,0.0,82.0,27.6,5.8,2.0
2025-05-14,22.3,88.0,26.1,4.0,2.0
2025-05-15,14.8,88.0,26.2,7.3,2.0
2025-05-16,25.5,86.0,27.4,7.5,2.0
2025-05-17,3.8,86.0,26.7,4.7,2.0
2025-05-18,1.0,82.0,27.6,6.3,2.0
2025-05-19,0.3,87.0,26.2,8.0,2.0
2025-05-20,10.9,82.0,27.3,5.2,1.0
2025-05-21,1.2,90.0,26.2,5.3,1.0
2025-05-22,2.2,90.0,26.2,0.0,1.0
2025-05-23,3.2,93.0,25.1,1.7,2.0
2025-05-24,10.7,85.0,26.8,0.0,1.0
2025-05-25,0.2,89.0,26.6,5.2,2.0
2025-05-26,0.0,92.0,25.3,0.6,1.0
2025-05-27,1.4,78.0,27.2,0.5,4.0
2025-05-28,0.0,78.0,28.1,8.0,1.0
2025-05-29,0.0,85.0,27.4,8.0,1.0
2025-05-30,4.2,84.0,27.5,7.2,1.0
2025-05-31,0.2,84.0,26.3,8.0,3.0
2025-06-01,5.2,83.0,26.1,7.5,1.0
2025-06-02,0.0,78.0,27.3,2.6,1.0
2025-06-03,0.0,85.0,26.5,7.1,1.0
2025-06-04,0.0,81.0,27.1,5.0,1.0
2025-06-05,0.0,83.0,27.0,7.9,1.0
2025-06-06,8.0,87.0,26.6,5.9,2.0
2025-06-07,0.0,85.0,26.6,3.7,1.0
2025-06-08,6.4,82.0,26.8,7.6,2.0
2025-06-09,0.0,80.0,27.6,8.0,1.0
2025-06-10,0.0,86.0,26.4,5.9,2.0
2025-06-11,2.0,84.0,27.2,2.6,1.0
2025-06-12,0.0,81.0,27.2,5.8,2.0
2025-06-13,0.0,77.0,27.5,8.0,2.0
2025-06-14,0.0,82.0,26.5,8.0,3.0
2025-06-15,0.0,81.0,27.1,5.8,3.0
2025-06-16,0.0,79.0,27.4,7.5,3.0
2025-06-17,57.0,88.0,25.4,8.0,1.0
2025-06-18,34.7,94.0,24.6,7.3,0.0
2025-06-19,7.5,92.0,24.9,0.0,2.0
2025-06-20,0.2,82.0,25.9,0.0,3.0
2025-06-21,53.0,90.0,25.2,6.8,1.0
2025-06-22,25.2,83.0,26.6,2.2,3.0
2025-06-23,0.0,80.0,27.2,8.0,3.0
2025-06-24,0.0,82.0,26.4,5.3,2.0
2025-06-25,0.0,86.0,25.7,4.8,2.0
2025-06-26,2.7,83.0,26.3,6.4,3.0
2025-06-27,0.0,81.0,26.6,8.0,2.0
2025-06-28,0.0,89.0,25.4,5.3,3.0
2025-06-29,12.0,93.0,23.7,2.8,0.0
2025-06-30,0.9,82.0,26.4,0.0,3.0
2025-07-01,10.1,87.0,26.0,6.3,3.0
2025-07-02,2.4,86.0,25.7,6.6,2.0
2025-07-03,11.8,88.0,26.3,5.6,3.0
2025-07-04,51.6,90.0,25.5,4.2,1.0
2025-07-05,50.0,89.0,25.9,7.2,3.0
2025-07-06,86.0,88.0,25.3,7.0,3.0
2025-07-07,6.7,87.0,24.7,7.5,2.0
2025-07-08,53.8,86.0,26.1,6.1,1.0
2025-07-09,0.2,86.0,26.4,7.1,1.0
2025-07-10,1.4,82.0,25.5,7.3,2.0
2025-07-11,0.0,80.0,26.4,8.0,2.0
2025-07-12,0.0,80.0,26.3,3.5,3.0
2025-07-13,0.0,82.0,25.8,8.0,2.0
2025-07-14,2.7,87.0,26.5,4.3,1.0
2025-07-15,0.3,85.0,26.2,2.4,2.0
2025-07-16,0.0,84.0,26.3,4.3,3.0
2025-07-17,0.5,81.0,26.6,6.8,3.0
2025-07-18,0.2,80.0,26.9,7.3,1.0
2025-07-19,8.8,81.0,26.1,7.3,1.0
2025-07-20,0.0,78.0,26.4,8.0,2.0
2025-07-21,0.0,76.0,26.6,7.5,4.0
2025-07-22,0.0,76.0,26.1,8.0,2.0
2025-07-23,0.0,74.0,26.5,8.0,2.0
2025-07-24,0.0,75.0,26.8,8.0,2.0
2025-07-25,0.0,77.0,27.1,8.0,3.0
2025-07-26,0.0,79.0,26.6,8.0,2.0
2025-07-27,0.0,82.0,26.6,7.6,1.0
2025-07-28,55.3,85.0,25.9,8.0,2.0
2025-07-29,5.4,87.0,26.1,5.6,2.0
2025-07-30,53.5,89.0,25.6,6.7,2.0
2025-07-31,68.8,78.0,27.1,7.1,3.0
2025-08-01,0.0,81.0,26.6,8.0,2.0
2025-08-02,0.0,78.0,26.3,8.0,2.0
2025-08-03,0.0,84.0,26.2,8.0,3.0
2025-08-04,24.6,87.0,25.4,7.1,3.0
2025-08-05,66.5,87.0,25.4,6.9,2.0
2025-08-06,41.0,84.0,26.4,7.9,3.0
2025-08-07,0.0,83.0,26.7,7.9,2.0
2025-08-08,55.2,87.0,26.5,8.0,2.0
2025-08-09,1.8,89.0,25.4,5.9,3.0
2025-08-10,115.2,84.0,25.3,6.7,2.0
2025-08-11,43.0,91.0,25.2,8.0,2.0
2025-08-12,11.1,93.0,24.2,3.3,1.0
2025-08-13,15.0,85.0,25.4,0.0,3.0
2025-08-14,0.2,76.0,25.0,7.7,3.0
2025-08-15,0.4,77.0,25.3,2.2,1.0
2025-08-16,0.0,75.0,26.2,7.4,2.0
2025-08-17,0.0,78.0,26.1,8.0,4.0
2025-08-18,0.0,85.0,25.5,8.0,3.0
2025-08-19,0.9,89.0,25.2,3.2,2.0
2025-08-20,3.2,88.0,25.1,0.0,1.0
2025-08-21,15.1,85.0,25.4,2.8,3.0
2025-08-22,33.6,87.0,26.4,5.6,1.0
2025-08-23,0.4,83.0,27.0,7.3,3.0
2025-08-24,39.5,85.0,25.6,7.3,3.0
2025-08-25,4.2,87.0,25.0,6.6,1.0
2025-08-26,22.2,79.0,26.1,4.2,3.0
2025-08-27,0.0,75.0,26.4,8.0,3.0
2025-08-28,0.2,80.0,26.5,8.0,3.0
2025-08-29,4.2,83.0,26.1,5.9,2.0
2025-08-30,0.6,77.0,26.9,6.1,2.0
2025-08-31,39.2,87.0,25.3,3.6,2.0
2025-09-01,29.1,83.0,26.4,6.5,4.0
2025-09-02,0.0,73.0,27.0,6.0,3.0
2025-09-03,0.0,76.0,26.3,8.0,2.0
2025-09-04,0.0,74.0,26.9,8.0,3.0
2025-09-05,0.0,85.0,26.7,8.0,3.0
2025-09-06,39.8,85.0,25.6,7.3,2.0
2025-09-07,8.4,80.0,26.2,7.3,2.0
2025-09-08,0.0,82.0,26.5,5.3,2.0
2025-09-09,12.1,90.0,25.3,6.0,1.0
2025-09-10,0.6,83.0,26.2,0.7,3.0
2025-09-11,47.2,94.0,24.4,6.8,2.0
2025-09-12,2.4,87.0,25.8,3.0,2.0
2025-09-13,1.5,80.0,27.0,4.5,2.0
2025-09-14,8.6,86.0,25.6,8.0,2.0
2025-09-15,6.9,79.0,26.6,4.0,2.0
2025-09-16,0.2,85.0,25.6,7.1,3.0
2025-09-17,18.6,90.0,24.9,6.2,2.0
2025-09-18,84.0,93.0,24.7,3.1,1.0
2025-09-19,0.0,86.0,25.8,0.0,1.0
2025-09-20,0.0,87.0,25.7,0.0,2.0
2025-09-21,4.2,86.0,25.8,3.2,3.0
2025-09-22,0.2,85.0,26.8,6.9,2.0
2025-09-23,3.8,88.0,26.1,7.8,2.0
2025-09-24,37.0,81.0,26.5,6.4,3.0
2025-09-25,0.0,82.0,26.3,8.0,3.0
2025-09-26,1.2,83.0,26.4,6.2,3.0
2025-09-27,2.0,80.0,27.7,8.0,1.0
2025-09-28,0.0,78.0,27.1,7.4,3.0
2025-09-29,0.0,87.0,25.5,8.0,3.0
2025-09-30,35.6,86.0,25.3,4.1,4.0
2025-10-01,24.8,85.0,26.5,5.8,3.0
2025-10-02,1.8,94.0,24.4,7.5,2.0
2025-10-03,23.4,82.0,26.3,2.6,1.0
2025-10-04,0.0,79.0,26.8,3.5,3.0
2025-10-05,12.5,84.0,25.4,8.0,2.0
2025-10-06,6.4,76.0,27.3,7.7,3.0
2025-10-07,0.0,81.0,26.8,7.8,3.0
2025-10-08,0.2,84.0,26.4,4.1,3.0
2025-10-09,16.8,78.0,26.3,6.8,4.0
2025-10-10,0.2,75.0,27.2,8.0,3.0
2025-10-11,7.4,76.0,27.8,6.8,2.0
2025-10-12,16.8,78.0,27.9,7.9,2.0
2025-10-13,0.0,80.0,27.9,8.0,3.0
2025-10-14,0.0,75.0,28.6,5.0,2.0
2025-10-15,0.0,78.0,28.3,8.0,2.0
2025-10-16,0.0,80.0,27.9,6.5,3.0
2025-10-17,0.0,82.0,27.0,8.0,3.0
2025-10-18,6.4,87.0,26.8,6.2,1.0
2025-10-19,16.4,88.0,26.0,6.3,2.0
2025-10-20,18.5,85.0,27.6,5.6,2.0
2025-10-21,0.6,84.0,27.5,5.8,3.0
2025-10-22,6.2,84.0,26.8,6.8,2.0
2025-10-23,2.5,90.0,25.5,4.1,2.0
2025-10-24,4.0,93.0,25.2,3.7,2.0
2025-10-25,10.8,83.0,27.1,0.9,2.0
2025-10-26,0.8,92.0,25.5,4.3,2.0
2025-10-27,3.4,86.0,26.2,5.5,2.0
2025-10-28,16.5,88.0,25.2,7.3,2.0
2025-10-29,13.8,89.0,26.1,1.7,2.0
2025-10-30,8.4,86.0,26.2,3.9,2.0
2025-10-31,1.6,84.0,25.9,6.0,2.0
2025-11-01,2.6,85.0,26.5,5.4,2.0
2025-11-02,50.0,83.0,26.7,8.0,3.0
2025-11-03,4.0,84.0,26.3,5.8,2.0
2025-11-04,0.8,84.0,26.6,6.4,2.0
2025-11-05,14.4,83.0,26.3,6.9,2.0
2025-11-06,0.0,78.0,27.1,0.6,4.0
2025-11-07,0.01,81.0,27.8,2.1,5.0
2025-11-08,0.01,84.0,26.2,7.6,3.0
2025-11-09,1.7,78.0,27.2,1.2,5.0
2025-11-10,0.0,81.0,27.1,6.6,2.0
2025-11-11,1.0,84.0,26.2,5.7,3.0
2025-11-12,2.3,85.0,26.5,8.0,3.0
2025-11-13,1.2,85.0,25.8,2.3,2.0
2025-11-14,0.01,88.0,25.3,2.2,3.0
2025-11-15,7.1,80.0,26.9,1.3,3.0
2025-11-16,0.0,81.0,27.5,5.8,1.0
2025-11-17,0.01,79.0,27.5,3.3,2.0
2025-11-18,0.2,94.0,23.8,4.4,2.0
2025-11-19,37.4,85.0,26.2,0.7,2.0
2025-11-20,0.2,89.0,25.9,4.7,2.0
2025-11-21,2.5,79.0,26.9,2.8,4.0
2025-11-22,0.0,82.0,26.7,6.0,2.0
2025-11-23,38.8,87.0,25.3,6.5,3.0
2025-11-24,17.5,77.0,27.4,0.8,2.0
2025-11-25,0.0,78.0,26.5,7.4,2.0
2025-11-26,0.0,78.0,27.2,7.5,2.0
2025-11-27,0.0,80.0,27.5,5.3,2.0
2025-11-28,0.0,75.0,28.6,5.3,3.0
2025-11-29,0.0,81.0,27.2,6.5,2.0
2025-11-30,0.0,86.0,25.8,4.8,2.0
2025-12-01,79.4,88.0,26.0,5.8,2.0
2025-12-02,27.2,86.0,26.5,6.8,2.0
2025-12-03,0.6,86.0,27.0,5.8,2.0
2025-12-04,3.6,91.0,24.4,5.8,2.0
2025-12-05,38.9,84.0,25.8,2.2,2.0
2025-12-06,4.8,89.0,25.4,5.9,2.0
2025-12-07,5.0,86.0,26.7,4.5,2.0
2025-12-08,0.0,86.0,26.1,4.9,2.0
2025-12-09,2.2,86.0,26.4,2.6,2.0
2025-12-10,0.0,83.0,26.0,2.3,3.0
2025-12-11,41.4,94.0,25.5,5.5,0.0
2025-12-12,7.1,84.0,27.1,1.4,2.0
2025-12-13,0.2,85.0,26.8,5.8,2.0
2025-12-14,4.0,86.0,26.4,4.9,2.0
2025-12-15,3.6,85.0,26.2,1.0,3.0
2025-12-16,0.4,90.0,24.7,3.4,2.0
2025-12-17,34.6,84.0,26.8,3.3,3.0
2025-12-18,0.2,94.0,24.8,2.6,1.0
2025-12-19,11.1,96.0,24.2,0.0,3.0
2025-12-20,18.7,93.0,24.7,0.2,1.0
2025-12-21,31.7,94.0,25.1,0.0,3.0
2025-12-22,12.0,88.0,26.5,4.1,3.0
2025-12-23,0.2,86.0,27.3,5.7,3.0
2025-12-24,3.6,86.0,26.2,3.9,2.0
2025-12-25,0.0,86.0,26.7,4.9,2.0
2025-12-26,20.8,84.0,26.9,6.6,3.0
2025-12-27,0.2,76.0,28.6,2.0,1.0
2025-12-28,0.0,87.0,26.5,4.3,2.0
2025-12-29,13.4,86.0,25.7,5.8,2.0
2025-12-30,29.0,91.0,24.4,3.9,2.0
2025-12-31,54.2,92.0,25.1,3.1,2.0
2026-01-01,17.4,94.0,24.2,0.0,2.0
2026-01-02,5.4,91.0,24.9,2.1,4.0
2026-01-03,27.4,88.0,24.3,2.5,3.0
2026-01-04,4.8,87.0,26.1,0.4,2.0
2026-01-05,0.0,83.0,27.3,5.7,2.0
2026-01-06,0.0,82.0,27.3,5.0,4.0
2026-01-07,23.2,93.0,25.5,6.4,2.0
2026-01-08,6.6,86.0,25.8,2.6,2.0
2026-01-09,4.4,89.0,25.5,0.9,2.0
2026-01-10,6.4,88.0,25.2,4.6,3.0
2026-01-11,2.4,94.0,24.2,0.9,2.0
2026-01-12,49.6,96.0,22.9,0.0,2.0
2026-01-13,7.6,93.0,24.1,0.6,2.0
2026-01-14,14.6,95.0,23.9,1.4,4.0
2026-01-15,28.6,92.0,24.1,0.0,3.0
2026-01-16,1.4,85.0,25.8,0.6,3.0
2026-01-17,11.0,94.0,25.2,1.8,2.0
2026-01-18,15.2,93.0,24.9,0.7,1.0
2026-01-19,0.4,89.0,25.0,0.5,2.0
2026-01-20,21.4,89.0,24.5,2.5,2.0
2026-01-21,24.4,95.0,23.3,0.8,3.0
2026-01-22,8.2,92.0,24.4,0.0,3.0
2026-01-23,52.2,97.0,23.5,0.4,2.0
2026-01-24,29.8,91.0,25.2,0.0,3.0
2026-01-25,3.2,87.0,26.1,3.5,2.0
2026-01-26,1.2,83.0,26.4,5.0,2.0
2026-01-27,1.2,86.0,26.0,6.3,3.0
2026-01-28,15.2,96.0,24.1,1.0,2.0
2026-01-29,78.7,93.0,24.8,0.0,2.0
2026-01-30,61.4,87.0,25.2,1.0,2.0
2026-01-31,0.0,90.0,25.7,2.3,3.0
2026-02-01,0.1,90.0,25.3,4.6,2.0
2026-02-02,2.6,86.0,25.5,1.8,2.0
2026-02-03,0.01,84.0,26.4,2.0,2.0
2026-02-04,0.0,90.0,24.9,5.0,3.0
2026-02-05,16.8,88.0,24.9,3.1,3.0
2026-02-06,1.0,83.0,25.8,3.5,2.0
2026-02-07,0.2,92.0,24.9,1.4,1.0
2026-02-08,18.8,86.0,25.7,1.7,3.0
2026-02-09,2.4,92.0,24.3,1.9,1.0
2026-02-10,1.7,90.0,25.5,0.0,2.0
2026-02-11,0.8,91.0,24.6,2.3,3.0
2026-02-12,3.6,93.0,24.2,4.3,2.0
2026-02-13,30.0,87.0,25.9,5.1,2.0
2026-02-14,0.0,86.0,26.3,1.7,2.0
2026-02-15,3.4,86.0,26.5,6.1,2.0
2026-02-16,0.0,94.0,25.2,5.1,2.0
2026-02-17,17.1,91.0,24.6,4.0,2.0
2026-02-18,17.0,90.0,25.0,2.9,1.0
2026-02-19,0.8,96.0,25.2,1.3,1.0
2026-02-20,58.4,89.0,25.2,0.0,2.0
2026-02-21,0.4,89.0,26.1,1.7,2.0
2026-02-22,0.01,91.0,26.3,2.2,1.0
2026-02-23,17.4,91.0,24.4,1.6,3.0
2026-02-24,0.1,81.0,25.9,0.1,2.0
2026-02-25,0.2,82.0,26.2,0.3,3.0
2026-02-26,0.0,80.0,27.0,4.9,3.0
2026-02-27,0.8,85.0,26.1,3.4,5.0
2026-02-28,10.2,85.0,25.2,1.3,2.0
